<?xml version="1.0" encoding="UTF-8"?>
<project-private xmlns="http://www.netbeans.org/ns/project-private/1">
    <editor-bookmarks xmlns="http://www.netbeans.org/ns/editor-bookmarks/2" lastBookmarkId="0"/>
    <open-files xmlns="http://www.netbeans.org/ns/projectui-open-files/2">
        <group>
            <file>file:/E:/USER/Ederson/Documentos/WWW%20SERVICES%20-%20APRENDIZADO/PROJETOS-APRENDIZADO-DEV/LEARNING%20JAVA/NetBeansProjects/OlaMundoJavaFX/src/olamundojavafx/OlaMundoJavaFX.java</file>
            <file>file:/E:/USER/Ederson/Documentos/WWW%20SERVICES%20-%20APRENDIZADO/PROJETOS-APRENDIZADO-DEV/LEARNING%20JAVA/NetBeansProjects/OlaMundoJavaFX/src/olamundojavafx/FXMLDocumentController.java</file>
        </group>
    </open-files>
</project-private>
